0.020951074,-0.050912198,0.16338646,-0.04078582,-0.054919764,-0.00976625,0.16563857,0.054286525,-0.054217003,0.0151752895,-0.03974666,-0.1500639,0.21015067,0.012618144,-0.088700555,-0.018411947,-0.34478828,-0.08418967,-0.13157406,-0.020414172,0.14151779,0.016870106,-0.124389075,0.031979907,-0.06130578,0.20581737,0.097381905,0.11115697,0.22621843,0.05585635,0.011631859,-0.06495131
0.06504029,-0.027861817,0.08321959,-0.011583015,-0.073103756,-0.0006455427,0.15945897,0.07240005,-0.12984525,-0.031774085,-0.0067060865,-0.18482034,0.11155875,-0.032614272,-0.033593368,0.08639646,-0.2786394,0.04334414,-0.09872374,-0.020753946,0.089001335,0.05130879,-0.06782694,0.09190209,-0.15266262,0.2399299,0.10050307,0.13415915,0.15377021,0.09507933,-0.018546168,-0.054796264
0.12005582,-0.027622862,-0.037456837,-0.026916632,-0.041656587,-0.036753993,0.097800955,0.025811305,-0.06852378,0.018098105,0.042958196,-0.07978294,0.027046053,0.041195154,0.00051301514,0.0673292,-0.26338294,0.11081869,-0.07585381,0.1101651,0.06858952,0.06148179,-0.043318786,0.08634401,-0.12329918,0.19392619,0.13769783,0.06991922,0.025620893,-0.0137667395,0.010259218,0.07865665
0.07449939,-0.03597804,-0.10834361,-0.033903968,-0.048664104,-0.021126868,0.14381579,0.05712628,-0.11648175,-0.0571031,-0.027334912,-0.100726895,-0.027675644,0.038453527,-0.025662929,0.03204639,-0.07697779,0.11035655,-0.031631924,0.15612653,-0.0015283539,0.07878888,-0.12003137,-0.030365411,-0.09206848,0.10277269,0.15840447,0.09663999,0.00024155335,-0.013250623,0.048997328,0.08198654
0.03269881,-0.03872996,-0.08918959,0.01272889,-0.0029363665,-0.066993,0.10675964,-0.030795183,-0.05704211,-0.039739028,-0.0880028,0.016338125,0.027009245,-0.00020835857,0.021707555,-0.09571832,0.058157183,0.0015881421,0.0076117553,0.19141318,-0.03681694,0.04129558,-0.12361207,-0.106800124,-0.021992227,0.11577641,0.15241228,0.13389212,0.022417422,0.03998168,0.05839087,0.1588817
-0.016468868,0.0698801,-0.1929621,-0.065619245,-0.036085434,-0.025698865,0.08015982,-0.04287006,-0.044147253,-0.08610289,-0.08571884,0.07329834,0.029842855,0.07916636,0.033461347,-0.12723225,0.0751844,0.05227702,0.04279955,0.22780412,-0.09138916,0.041561875,-0.1405191,-0.11784303,0.093972355,0.0793432,0.11386639,0.02605159,-0.071590826,-0.0022979346,0.024689585,0.13484363
-0.07449252,0.13803887,-0.13669726,-0.0378024,-0.07293211,-0.10919108,0.07165857,-0.07856034,0.050606176,-0.11904976,-0.1208445,0.07937421,0.035627656,0.05277185,0.005789232,-0.16448125,0.13768123,-0.024290409,0.050434608,0.21446934,-0.1206142,-0.012915572,-0.18723525,-0.07673251,0.010393845,0.06402269,0.1366462,0.11773075,-0.07750875,-0.018059172,0.06425989,0.18431154
0.043887503,0.1425686,-0.12703341,0.018930236,-0.10645515,-0.10026874,0.117379144,-0.13441224,0.0270302,-0.118950434,-0.072636925,0.092240855,0.0765136,0.08083963,0.030577108,-0.1493077,0.11337551,0.01865799,0.080820955,0.12950137,-0.045586027,-0.09224596,-0.15808107,-0.031385828,-0.017588515,0.03497696,0.11177316,0.13993406,-0.13899557,-0.0008282519,0.15224005,0.099983834
0.020751055,0.06044882,0.017072748,0.025457531,-0.0832544,-0.068357356,0.012891959,-0.17319423,0.06396931,-0.13435507,0.0036140033,0.028399086,0.12351546,0.09137861,0.07532732,-0.11065257,0.04242612,-0.08405589,0.07762287,0.070024565,-0.10266003,-0.07547819,-0.09779768,0.04638358,-0.05988243,-0.095302746,0.08124252,0.14748967,-0.09899142,0.032529436,0.16001886,0.03724812
-0.0028989126,-0.034193486,0.034180265,0.17121546,-0.09166711,-0.06049704,0.028268836,-0.25473353,-0.010298376,-0.17375244,0.04382266,0.072991304,0.102534756,-0.036813024,0.059487753,-0.12095352,-0.047574718,-0.0828465,0.052367073,-0.05182478,-0.09877599,0.00010462961,-0.110559605,0.0905,-0.11537823,-0.14998822,0.038687266,0.015647313,-0.11936885,0.04267906,-0.014175954,0.09064782
-0.01819663,0.023929028,-0.00024279766,0.18011376,-0.12768936,-0.039150044,-0.09088412,-0.15978046,-0.05789139,-0.06974486,0.17982681,0.07778078,0.15456387,-0.04027371,0.11339604,-0.072122805,-0.02237625,-0.14770229,-0.004325332,-0.1369975,-0.08832775,-0.06678912,-0.081446655,0.16883822,-0.058050092,-0.15924372,-0.05879636,-0.026249137,-0.07898189,0.07637245,-0.101436004,0.05185743
0.0017775323,-0.018009398,-0.04251929,0.06409807,-0.041515328,-0.014188385,-0.030880746,-0.15752414,0.009742837,-0.07553085,0.10989672,0.06678902,0.04076389,-0.07120117,0.18501152,-0.040943578,0.0013023941,-0.18891361,-0.021655845,-0.16930358,-0.07894473,0.0046554646,-0.11241859,0.23794122,-0.1578356,-0.19068097,-0.14183883,-0.07354319,0.010040434,0.083907515,-0.030297725,-0.0049061175
0.11074556,0.02855328,-0.117220074,0.030643035,0.039117765,-0.03006848,0.03353628,0.004325273,0.09140006,-0.12292221,0.015605967,0.031913936,-0.034445863,0.04817691,0.23363051,-0.02004033,-0.053654592,-0.13254152,-0.12756822,-0.23069808,-0.092666395,-0.056485165,-0.04701394,0.16424288,-0.12929787,-0.09132823,-0.08937331,-0.087801754,0.050404802,0.18063605,0.041662674,-0.0030156279
0.10022885,0.030590484,-0.056146633,-0.0074928747,0.034651816,-0.038929854,0.014246307,0.013937299,0.1548686,-0.04212851,-0.083634645,0.051580075,-0.15284309,0.193784,0.2775572,-0.027819652,-0.061103866,-0.15127838,-0.118971236,-0.22034733,-0.1068465,-0.09016525,-0.15541902,0.16314323,-0.10799345,-0.052012358,-0.17574598,-0.06542779,0.09623613,0.13871652,0.08607426,-0.04890265
0.12976567,0.08162339,0.022090789,0.060433455,0.14570075,-0.05988401,0.023194738,0.05590425,0.13417263,-0.11752834,-0.12422586,0.109201394,-0.2590408,0.21338946,0.2729933,0.13607383,-0.062508024,-0.04153824,0.007858508,-0.017506914,-0.045373533,-0.14361176,-0.1702601,0.0049966536,0.016215237,-0.097853355,-0.1566732,-0.0058200187,0.107794516,0.1787642,0.005141272,-0.08558681
0.0020565127,0.07136194,0.021141537,0.080087736,0.16800226,-0.086128496,0.013421731,0.03989966,0.053464834,-0.07866234,-0.13483728,0.09749331,-0.25365925,0.117137305,0.27787495,0.19223194,-0.04930675,0.06245573,0.079186976,0.07484665,-0.066660784,-0.19739974,-0.12508936,-0.008638801,0.10823861,-0.12180423,-0.16690098,0.005202477,0.0019755224,0.090742104,-0.03176082,-0.10814632
-0.07506848,0.008217362,-0.019303542,0.00029653212,0.11492132,-0.013119538,0.044729855,-0.009461439,0.024195319,-0.038316358,-0.13543242,0.14032024,-0.2970458,0.08025939,0.12880263,0.12508032,-0.07574915,0.07274558,0.034518436,0.16172794,0.02259771,-0.17720525,-0.12803577,-0.114146985,0.09901856,-0.18695782,-0.12346833,0.028607398,-0.002406568,-0.0121550625,0.02088798,-0.0049916455
-0.05981971,-0.026301343,-0.010220311,-0.008835075,0.17436315,-0.016842008,-0.019154126,-0.010870519,-0.0027200223,0.00554055,-0.08647911,0.19623792,-0.2515055,0.024318235,0.11662905,0.045436565,-0.06630048,0.02738759,0.05289873,0.13554081,0.013087615,-0.20983662,-0.018743746,-0.02950194,0.08019856,-0.23163292,-0.100357674,0.052641086,-0.05641177,-0.048922665,-0.017271163,-0.02815784
-0.05937798,-0.117235355,0.06809087,-0.03375587,0.17549227,0.029828867,-0.04606761,-0.0123841325,-0.0054887636,-0.044607423,-0.055685677,0.12248159,-0.16332832,0.013000628,0.08519995,0.083450176,-0.0572175,-0.06361796,-0.056193132,0.0784781,-0.07510475,-0.108546644,-0.07124435,-0.028547635,-0.06417434,-0.27018508,-0.071751095,0.063211195,-0.03276121,-0.008454556,0.019744202,-0.06798102
-0.08646713,-0.15229817,-0.011240791,-0.06617843,0.22993329,-0.042937245,-0.00853478,0.00059334666,0.050847314,0.007969788,0.011192533,0.03873609,-0.11284321,0.04445027,0.012237089,0.030017037,0.0056687393,-0.0117004225,-0.063533105,0.014650253,-0.09682526,-0.059370197,0.010981434,0.057834096,-0.09330887,-0.22215402,-0.04919815,0.02135924,0.012043318,-0.027882986,0.057160836,0.00810385
-0.055655263,-0.09440997,-0.025352703,-0.028827842,0.19024539,-0.060618665,-0.057268314,0.08569314,-0.028692653,-0.02870803,0.04912078,0.05776916,-0.054253988,-0.019233122,0.00291867,0.02317663,0.009274594,-0.032217525,-0.043607265,0.07137445,-0.0149253225,-0.047360364,-0.10336299,0.08733997,0.0132763535,-0.12952419,-0.04766412,-0.023180956,-0.019155968,0.07634635,0.046041537,-0.019046888
-0.01939678,-0.122953124,0.014896024,-0.08905295,0.112671316,-0.0017125423,-0.014075819,0.12516753,0.055833284,-0.08465932,-0.0070610666,0.055291276,-0.073960684,0.07755558,-0.048734374,0.035033442,-0.01921462,0.04268413,0.029656835,-0.042597696,0.007822379,-0.084143676,-0.05243072,0.05891781,-0.019971708,-0.109403,0.09764807,0.040876858,0.024416618,0.056373253,0.111943096,-0.007904274
0.062456932,-0.05997752,-0.036034234,-0.07722357,-0.0060970453,-0.035971753,0.1065245,0.11815267,0.071549095,-0.0145606175,0.06812363,-0.07350867,-0.06307613,0.13011546,-0.050810076,0.09973627,0.0006374018,0.024282306,0.018133817,-0.091699496,0.003952881,-0.0974013,-0.0707072,0.026825354,-0.02859511,-0.069873594,0.09114456,0.06577816,-0.026624661,0.022771915,0.11997894,0.033979546
0.058460183,-0.014200874,-0.010324167,-0.07275413,-0.078273855,-0.057306845,0.12858823,0.0993405,0.021980159,-0.035456534,0.051507857,-0.058064207,-0.06131863,0.12703417,-0.056544416,0.1021806,-0.032932848,0.065585494,-0.04890407,-0.11714338,-0.0063660964,-0.15452415,0.008175423,-0.027273273,0.0034524037,-0.14682956,0.1964725,0.03521128,-0.003926227,0.032951795,0.16860357,0.02561851
0.09992337,-0.00039728318,0.095812485,0.060415544,-0.16642626,-0.15866426,0.094036095,0.0801196,-0.048550654,-0.10317056,0.10144581,-0.036810927,0.118884005,0.11734915,-0.0026424078,0.20211345,-0.06002964,0.07488791,0.045516472,-0.09207414,-0.08127568,-0.1811634,-0.11095194,-0.03497289,0.071215145,-0.05430112,0.20276651,0.044888716,0.016293773,0.004525176,0.092842385,0.04906058
-0.011170894,0.043164145,0.16410713,0.097867794,-0.11939593,-0.12920968,-0.0077451137,0.031654388,-0.0016193702,-0.13742827,0.08562192,0.046872325,0.11777265,0.05986633,0.02388825,0.19878152,0.02059972,0.11650617,0.096945375,0.009792472,-0.14985296,-0.17001231,-0.1362247,0.028724099,0.1361151,-0.04283978,0.13740736,-0.007927112,-0.03529935,0.044624362,0.06255377,0.081131585
0.08745617,-0.028081132,0.18406376,0.06895206,-0.13467185,-0.10934637,0.00409929,-0.008310261,0.048601966,-0.11492781,0.01584611,0.07046831,0.16610101,0.073737375,-0.0023771373,0.14640485,0.015260328,0.14292182,0.0146141555,0.12943298,-0.0905825,-0.17409456,-0.0117155295,-0.07183023,0.0470837,-0.098974235,0.05737338,0.012187122,0.0006907064,-0.0062248716,0.0835767,-0.013833584
-0.015397567,-0.03763227,0.15867434,0.05707695,-0.14854369,-0.049419932,0.021331538,-0.025566658,0.11506293,-0.16049942,0.06480309,0.08334381,0.14355601,0.11735984,-0.121375404,0.016036997,-0.0069104726,0.036174543,-0.016797787,0.1192016,-0.041064844,-0.026315661,0.0147970505,-0.079002,0.107889295,-0.048294343,0.0756539,0.06819938,0.0104906345,-0.042755608,0.043109912,-0.031593982
-0.00907639,-0.07608044,0.10831029,-0.03847788,-0.20536739,0.04271525,-0.0052186637,-0.07746279,0.20801575,-0.10551943,0.050659344,0.06676108,0.065257125,0.09714078,-0.061928295,0.053261586,0.019438883,-0.047628094,-0.07779029,0.118125096,0.044947453,0.0033151847,0.059662532,-0.079261534,0.07549199,-0.06118692,-0.06849269,0.017988477,-0.030778883,-0.13870345,0.026895178,-0.063460425
-0.008227086,0.028565573,0.18361603,0.0054033264,-0.26954666,-0.037008468,-0.06739772,-0.03663898,0.0995034,-0.06551597,0.083073325,0.03663786,0.1394362,-0.0102593405,-0.04515351,0.039314657,0.1401602,0.034802295,-0.02029348,0.16480179,-0.018589927,0.013196535,0.09472551,-0.0004987812,0.08949148,-0.10383301,-0.097106904,-0.10958938,0.017190797,-0.04890715,-0.0426935,-0.0014253734
-0.12800089,-0.002658761,0.2053072,0.023779817,-0.3440277,0.053159967,-0.044262376,-0.070319906,0.08738463,-0.06601778,0.09975066,-0.021203933,0.13525197,-0.011231411,0.006258263,0.10430758,0.1010961,0.06992583,-0.018298702,0.091827475,0.08015143,0.13235584,0.08130762,-0.10513842,0.0072744978,-0.20035447,-0.14730722,-0.10062803,-0.104905054,-0.02422129,-0.038004197,0.07356953
-0.028064819,-0.032458495,0.20758305,-0.020841198,-0.34347516,-0.050042506,-0.043779828,-0.0128117325,0.1314042,-0.07851871,0.03159599,0.015475852,0.17853451,0.040849708,-0.081447214,-0.013169444,0.19696315,0.16983552,0.014940583,0.084842786,0.06056266,0.20181952,-0.034067396,-0.16673627,0.071118906,-0.2308598,-0.1557475,-0.091159545,-0.09415359,0.024317037,-0.06899098,0.21823773
-0.031767238,-0.052570477,0.168373,-0.061764855,-0.40671542,-0.013753275,0.03641575,0.03942361,0.10039743,-0.10121824,-0.0050509097,-0.02770521,0.113918215,0.025606595,-0.05564625,-0.06998099,0.1347236,0.06617658,-0.011409945,0.081351124,0.00857775,0.19760738,-0.057551436,-0.22316828,0.037389778,-0.28515682,-0.16348909,-0.03840317,-0.13338424,0.05646758,-0.009271574,0.26077595
-0.014523372,0.051159717,0.16206558,-0.077788144,-0.3181523,-0.108612135,0.04321427,-0.03619087,0.046489313,-0.1490686,-0.074492805,0.03673456,0.0880195,0.048813723,-0.11880117,-0.04594127,0.12755278,0.02281526,-0.007018989,0.084644064,-0.16556516,0.059849393,-0.14972797,-0.1627616,0.09640686,-0.19135226,-0.12247012,0.031016901,-0.15303248,0.031458516,0.062369242,0.26163575
-0.063998945,0.02690134,0.08261918,-0.05799983,-0.23510994,-0.10947002,0.0011431967,-0.031622447,-0.02237605,-0.15766308,-0.06386115,0.047742967,0.030805733,-0.047319364,-0.041370224,-0.09996975,0.03711701,0.06962856,0.15829274,-0.04307591,-0.15009943,-0.054343753,-0.09793997,-0.057727464,0.006972318,-0.1902637,-0.07058462,0.025173433,-0.23159002,0.0826175,0.024623187,0.20207556
-0.064848706,0.037901886,0.03447449,-0.06236273,-0.1890573,-0.12345536,-0.040471844,-0.030273184,-0.07694396,-0.10007084,-0.07073104,0.08177022,0.009289898,-0.041160952,0.004104839,-0.008769429,0.08527096,0.027488573,0.26769736,-0.0151395975,-0.078260385,-0.038581125,-0.09260551,0.1374022,-0.018472753,-0.03841996,-0.019969285,0.043421805,-0.3150858,0.04980207,0.05395807,0.030617353
-0.065827,-0.10982731,-0.086319804,-0.03180629,-0.08965152,-0.045208424,-0.056251027,-0.057389725,-0.02221345,-0.10819431,-0.09677972,0.01899876,0.045362126,-0.116519816,0.08681623,-0.071773894,0.06115263,0.058788408,0.29018363,-0.046799242,-0.05681937,-0.054519277,-0.08094034,0.22644238,0.019656086,-0.03171024,-0.08514073,0.10507611,-0.34768763,-0.026458511,0.0398493,0.042645484
-0.060051464,-0.21489055,0.01791242,0.04758856,-0.022014828,-0.016497849,-0.0059582638,-0.09271332,-0.07015974,0.023314564,-0.03402681,0.07119852,0.09973474,-0.07475697,0.14930946,-0.032372322,0.024542294,0.009379799,0.1815159,0.009654641,-0.09117321,-0.05268837,-0.023400446,0.16141826,-0.05470057,-0.0639811,-0.05938222,0.058365762,-0.39470813,-0.0014727322,-0.022018503,-0.091125734
-0.067827955,-0.28973454,-0.0907237,0.10102515,0.10297788,-0.1066274,-0.056123313,-0.068901725,-0.021544581,0.02215442,-0.011422156,0.06992492,0.011181349,-0.0861687,0.14912611,-0.0779617,0.004253775,0.077392265,0.111303896,-0.011287653,-0.068019114,-0.104350574,-0.026374457,0.14412233,-0.13572764,-0.07450428,0.026541613,0.120504685,-0.3356386,-0.00072743866,0.036738537,-0.0271317
0.07214102,-0.16350515,-0.079946764,0.16359824,0.21024717,-0.06530226,-0.09619849,-0.1570645,-0.042798724,-0.012874353,0.006231588,0.032974366,0.051370963,-0.07826664,0.13512751,-0.017366318,-0.015221756,0.12976773,-0.0473631,-0.026089776,-0.14822063,-0.031041127,-0.03837681,0.14220707,-0.16722925,0.002090056,0.004643676,0.19107184,-0.29121557,0.032622986,0.029521972,-0.07531064
0.06386241,-0.05458806,-0.07023609,0.15450779,0.2344659,-0.084114626,-0.014868319,-0.120086476,0.03623607,-0.031870097,0.0366755,0.026127795,-0.07112059,0.05778881,0.07238701,-0.00043855884,-0.07036291,0.15241279,-0.033550687,-0.12667061,-0.14027385,0.0010338292,-0.052902047,0.15052336,-0.06675679,0.020528855,0.09377254,0.18165907,-0.24924445,0.07444711,0.061883345,-0.0102132745
0.08636161,0.18303023,0.011413721,0.034820374,0.13417193,-0.044496402,0.025937222,-0.17276555,0.108405866,0.029103275,0.11863067,0.0072712083,-0.0787128,0.08641481,0.03537646,-0.06918341,-0.03965998,0.15506172,-0.0127097815,-0.12291675,-0.108146295,-0.034672037,-0.049702205,0.10002485,0.009027464,0.067052215,0.09649772,0.15004657,-0.15800188,-0.03656335,0.06638787,0.014524461
0.047227357,0.30467647,0.0548326,0.0050662747,0.061051343,-0.09596642,0.04060964,-0.10413611,0.17562325,-0.07060167,0.18134199,0.0067477887,-0.09110601,0.09478178,-0.004136977,-0.114343375,-0.013554966,0.20455967,0.05590999,-0.07546637,-0.05295569,0.033156656,-0.073750384,0.11924008,0.15299304,0.17017496,0.063703336,0.08752177,-0.106380716,-0.069696665,0.06366662,0.03307991
0.08280692,0.2926985,0.080955446,-0.109563164,-0.04730828,-0.086800374,0.034817018,-0.044853248,0.19092558,0.005015734,0.13600414,0.036610976,-0.147679,0.10456432,0.003128538,-0.040059235,0.021457577,0.13303393,0.04575318,-0.1559357,0.048546273,0.051286317,-0.06867149,0.13209829,0.112734266,0.1984916,0.07744382,0.019707914,-0.06653419,-0.11228089,-0.0071502584,0.059288323
0.061110385,0.25075033,0.015686585,-0.09231051,-0.05741359,-0.04373223,0.048497863,0.01686941,0.21799679,-0.04511434,0.038962048,-0.012501024,-0.07230136,0.025840905,0.018569654,-0.049352497,0.07536805,0.17820965,0.14209355,-0.13604818,0.040185615,0.00422037,-0.111031085,0.14840584,0.04812912,0.12787868,0.04925154,-0.049985502,-0.054165874,-0.21398549,-0.037295803,0.0058570686
0.00633678,0.17952949,-0.09668677,-0.007924328,0.0075310105,-0.07957598,-0.017014103,0.07204875,0.16834733,-0.039955698,-0.0061718295,-0.06844265,-0.0976688,0.006344151,0.038135014,0.00645955,0.07352036,0.123642795,0.096786015,-0.18358807,0.060174223,0.077960655,-0.21110041,0.14393562,-0.09381999,0.106008045,-0.010524401,-0.04636326,-0.0154373925,-0.17422964,-0.008872324,-0.015222426
0.041600794,0.13497362,-0.16441195,-0.05211194,0.07431432,-0.025952395,-0.0286676,-0.05647373,0.11929801,0.033578467,-0.015835881,-0.06550331,-0.058763053,-0.040066924,-0.049563833,0.01928959,0.090992466,-0.0572438,0.07673286,-0.07654276,0.089903004,0.03245683,-0.17470062,0.15554981,-0.17152005,0.14208221,-0.006120113,-0.043157972,0.012018676,-0.12809432,-0.026593007,-0.12085926
0.090453744,0.116450876,-0.1724886,-0.09059296,0.08742353,-0.105450965,-0.041780435,-0.012001683,0.07363055,-0.014954171,-0.07564415,-0.058387477,-0.11906553,0.048770882,-0.06417683,0.07254759,0.04692794,-0.028010478,0.07850371,-0.06537636,0.0206885,-0.11712274,-0.19338772,0.12723395,-0.18664885,0.11282965,-0.06121256,-0.0074050184,0.024740031,-0.13741368,-0.07017387,-0.12654302
0.12409747,0.0884681,-0.041948527,-0.09726716,0.103060395,-0.067686364,0.07206368,-0.0610394,0.06813089,0.031631216,-0.03266477,-0.032402594,-0.032210425,0.03678244,-0.07451011,0.068883285,0.041869167,-0.06597561,-0.028505938,0.055745732,-0.032485474,-0.24164364,-0.19577406,0.06781483,-0.12671056,0.067076646,-0.053646054,0.0792565,0.03382767,-0.15047023,-0.013641295,-0.10933412
0.16502288,0.03033672,0.0065353727,-0.076292075,0.012165214,-0.030935515,0.07884366,0.023187086,0.090372704,0.002548901,0.0063636126,-0.031408302,0.022252038,0.08428336,-0.06084421,-0.01194814,0.087879926,-0.07569617,-0.0093770055,0.051259242,-0.039319605,-0.24638352,-0.1192149,-0.051463544,-0.17499839,0.029236982,-0.072067425,0.07638903,-0.06965189,-0.12065036,0.054035146,-0.122266956
0.14203784,0.020336352,0.098157145,-0.029110033,0.04194482,-0.055906866,0.024541955,0.13130711,0.0340162,0.014709711,0.071662106,-0.026795665,-0.016110148,0.04557018,-0.044063177,-0.03200484,0.08705166,-0.054017395,-0.06981169,0.036366906,-0.039639547,-0.2640394,-0.07124625,-0.07038883,-7.2876515e-05,0.025609922,0.00043805322,0.106526956,-0.028542513,0.039523542,-0.008485208,-0.077563316
0.113227226,0.016722815,0.1878555,0.021473855,-0.025945447,-0.049120888,0.09740404,0.11311905,0.1287453,0.022560969,0.054992475,-0.07760144,-0.005084652,0.07704759,-0.026433455,-0.0023215828,-0.02982841,-0.10376498,-0.025710758,-0.0007977867,-0.01824381,-0.21898662,0.032813363,-0.07257016,-0.0016566777,0.040503282,0.085334286,0.060767982,-0.02025776,0.048828665,0.0025967231,-0.11123908
0.07449299,0.12416393,0.20029029,0.02753516,-0.09605331,-0.05948519,-0.002611859,0.24711551,0.048981998,0.032342236,0.073014095,-0.0663911,0.0078081405,0.04655674,-0.12649266,0.067282386,-0.06767207,-0.0741954,-0.08821156,-0.007999364,-0.06619213,-0.21376383,-0.08746274,-0.10594022,0.15094559,0.06860094,0.09770328,0.09623266,0.07052073,0.075192,0.07558401,-0.03552513
0.09570452,0.12038283,0.2154242,0.00996125,-0.106002554,0.02463406,0.025347939,0.2732106,0.027961269,0.075819604,0.05248821,-0.09811929,-0.12171072,0.020327717,-0.1522073,0.044666737,-0.038226113,-0.20132872,-0.10649693,-0.07473729,-0.08190998,-0.16441862,-0.047685117,-0.0957767,0.2114146,0.046685174,0.11989898,0.0725809,0.043718666,-0.01747561,0.13878506,-0.067630425
0.032863498,0.17270494,0.14717798,-0.070768505,-0.21613882,0.05264414,-0.008133398,0.21237537,-0.04809805,0.08036666,-0.0014490994,-0.11062026,-0.09882824,0.045749523,-0.15886779,0.041272957,-0.10502249,-0.1467883,-0.11065903,-0.07716805,-0.0038057896,-0.1125684,-0.13342386,-0.0070932265,0.19672383,0.10640748,0.1415409,0.027401697,0.02307702,-0.052526724,0.1219982,-0.0010015755
-0.0100892745,0.18606101,0.15147309,-0.106452085,-0.16308734,-0.014885764,-0.0020169043,0.12780252,-0.05431524,0.03333153,-0.0014424787,-0.058454797,-0.088764794,0.0046877186,-0.14209381,-0.006308718,-0.029957911,-0.12866205,-0.06323237,-0.03389749,-0.011573798,-0.15989307,-0.0677682,0.01313352,0.23668419,0.116269425,0.09121325,-0.08081906,0.048604198,-0.044665713,0.10798104,0.060343865
-0.031179698,0.20714405,0.15679118,-0.064103596,-0.06883971,-0.056590106,-0.13374344,0.058570318,-0.042502914,0.038143974,-0.07604356,0.06057652,-0.0067449296,-0.061702292,-0.15335464,-0.08521859,0.036749624,-0.07013176,-0.01498914,0.089961074,0.04506234,-0.15649651,-0.18061264,0.053454924,0.18881425,0.06929032,0.085396826,-0.12059511,0.061027415,-0.05064337,0.05847683,0.11018719
-0.07648079,0.11735943,0.05840087,0.021578262,-0.11767985,-0.032582957,-0.13635857,-0.11375049,-0.08029824,-0.05619717,-0.10242479,0.06919036,-0.044891328,-0.02559819,-0.16393676,-0.12305442,0.010117216,-0.08416685,0.037020896,0.104407914,0.045121428,-0.14908548,-0.13879909,-0.01574591,0.08313194,0.1419794,0.03455087,-0.09186384,0.1312184,-0.0420859,0.04626974,0.0017258031
-0.035841223,0.04254491,0.017488586,0.040349185,-0.014557355,-0.096745744,-0.09368433,-0.18838345,0.058003023,-0.0474721,-0.16072613,-0.064859375,0.027238864,0.040641237,-0.16570848,-0.0073219095,0.06349789,-0.038040128,-0.066374704,0.19801047,0.043017164,-0.1378311,-0.20103277,-0.06604437,0.08076402,0.0068168873,0.086450435,-0.050026946,0.052891176,-0.013063772,0.122192726,0.036780924
-0.019971639,-0.06348842,-0.078867435,-0.0034364322,0.023113497,-0.044016283,0.036571898,-0.26242685,0.04923333,0.026349053,-0.18183927,-0.07268315,0.040491235,0.048569754,-0.2043848,-0.0432887,0.024355192,-0.054601762,-0.055659227,0.1699418,-0.017270837,-0.08662676,-0.13137789,-0.14688961,-0.014188975,-0.053519186,0.082493775,0.032672416,-0.0645212,-0.031735584,0.13767932,0.06878946
-0.018710399,-0.1799776,-0.13498059,-0.030065738,0.093217924,-0.0828104,0.111246936,-0.21955223,0.11680511,-0.0521575,-0.14101058,-0.07149635,0.059812833,0.16490832,-0.2400459,0.07835641,0.09362954,-0.063107684,-0.011395084,0.07912475,-0.048209433,0.01229984,-0.16628471,-0.05583844,-0.031874795,-0.077572756,0.014077762,0.03853863,-0.04582345,-0.07117703,0.1690455,0.02208592
0.013501278,-0.16113153,-0.1476973,-0.04152563,0.10084754,-0.05118247,0.1347276,-0.12026162,0.0083737,-0.10115709,-0.0351945,-0.045852438,0.036195762,0.17251693,-0.08400779,0.06764593,0.12842342,0.060864195,0.07762221,-0.041544028,-0.090257496,-0.030078594,-0.13977607,-0.003018538,-0.09127503,-0.012469842,-0.0067243227,0.005573257,-0.06235703,-0.061967835,0.10137221,0.05154131
-0.036225587,-0.07323605,-0.13195749,0.00013783787,0.18269625,-0.12510403,0.117571086,-0.11583425,0.026675176,-0.10466538,0.066420436,0.07829666,0.11851789,0.09550254,-0.06499315,0.040792916,0.069247134,0.11637583,0.12783064,-0.023183811,-0.15042242,-0.050196074,-0.13213348,0.06074999,-0.04591401,-0.0017676108,-0.149928,0.015511858,-0.003302395,-0.013330117,0.11076073,0.09851205
-0.016946541,-0.08811046,0.0015285163,0.08137283,0.20178707,-0.048650816,0.07179748,-0.104409456,-0.05327881,-0.13886659,0.0912607,0.22560677,0.15364605,0.07341823,0.04041398,-0.029638462,0.052814297,0.06744562,0.07684168,0.03771554,-0.106157914,-0.03407237,-0.08281607,0.16424152,-0.013501256,-0.031187294,-0.17226881,-0.08452693,0.042396717,0.040945753,0.055295397,0.019981569
0.058666468,-0.04749413,-0.058301985,0.06792093,0.12559249,-0.002802142,0.14960128,-0.12091099,-0.007628662,-0.043835044,0.08440859,0.22234683,0.1084201,0.12587641,0.029516704,-0.21553694,-0.07712167,0.0131585095,0.03593223,0.0802678,-0.07807643,0.058443874,-0.11009274,0.06799676,-0.05292793,0.0041426695,-0.14713979,-0.034975618,0.07127406,0.082954295,0.09263239,-0.024634
0.027152924,-0.0073561603,-0.060696356,0.09277833,-0.0076285466,-0.026674524,0.13144682,-0.15038683,-0.07485003,-0.042778026,0.08061214,0.20906463,-0.0156587,0.07103231,0.10024187,-0.2572719,-0.09977258,0.014969967,-0.0300671,0.01459848,-0.052103393,0.052756064,-0.038522758,0.083770745,0.002521982,-0.022234896,-0.07343877,0.12678884,0.07179515,0.09362482,0.10440379,0.02113968
0.07755128,0.12263527,-0.11545725,0.11256485,0.0002385244,-0.019105427,0.13811062,-0.090982854,-0.05323439,-0.08936668,-0.033328705,0.18599235,-0.04390024,0.13567667,0.01895445,-0.1383638,-0.03593567,-0.0033980445,-0.013231883,-0.0014020841,0.0298008,0.07625599,-0.04900529,0.04255746,-0.08386599,-0.008463515,-0.08043761,0.10408269,0.07338139,0.02124449,0.16287564,0.062879875
0.007658951,0.16619173,-0.14393747,0.10645668,-0.065103665,-0.0016106061,0.0714117,-0.15218388,-0.096081525,-0.06616546,-0.043090522,0.08680716,-0.064555325,0.11394429,0.02851333,-0.1676463,-0.007502834,0.16734825,0.05320717,-0.062497288,0.010945947,-0.014434378,0.05885092,-0.04532428,-0.06952787,0.05735358,-0.027334848,0.10887129,0.09586795,-0.021990778,0.16479884,0.13457045
-0.00034594795,0.1754158,-0.097794816,0.101369135,-0.10649387,0.07266793,0.03011544,-0.12791549,-0.100699395,0.030121274,0.018639518,0.073457964,-0.04357543,0.012908096,-0.026103891,-0.04730047,0.0368214,0.17178036,0.03728823,-0.11134089,0.08696142,0.097027756,0.039316464,-0.083977915,0.02477316,0.023330813,0.062521785,0.09480645,0.014329403,-0.12250121,0.06616328,0.1901574
-0.005410069,0.112247474,-0.10610235,0.087655134,-0.13865352,0.064819485,0.03225296,-0.118073836,-0.086521,-0.027489644,-0.0053264108,-0.010877399,0.021285668,-0.04178919,-0.064882435,-0.04415157,0.10062608,0.21206257,-0.009674245,-0.09577315,0.07155658,0.024075434,0.004146699,-0.12779646,0.05409908,-0.007190072,0.08244704,0.14073488,0.0026319025,-0.09189684,0.04708338,0.17796159
0.0205848,-0.012139888,-0.04108914,0.0060539506,-0.10442133,0.06953505,0.0016040507,-0.04154851,-0.14401673,-0.065339684,0.051534623,0.023823867,0.047539417,-0.086855195,-0.03954034,-0.048602067,0.07093693,0.14378114,-0.043763306,-0.08771965,0.018453393,0.058556106,-0.016479334,-0.17626598,0.05893839,0.063872755,0.13342863,0.089878306,0.07711329,0.010889038,0.035530746,0.13706428
0.0726962,-0.049978707,-0.030346328,-0.054556295,-0.018358737,0.01301459,0.035587158,-0.010946187,-0.17915846,-0.12286368,0.119977035,0.050150637,0.00974744,-0.047524206,0.0058264444,0.04929514,0.02559977,0.19564056,-0.012157447,-0.06880989,0.0462308,0.018070113,-0.15635052,-0.103449926,0.10363721,0.080036506,0.077347346,0.0614727,0.1332934,0.061773766,0.018257407,0.048767798
0.08937252,-0.011568598,-0.024851043,-0.048255254,0.014234624,0.016667236,0.058109913,0.107590474,-0.16227093,-0.09194758,-0.03750492,0.118612446,0.007946213,-0.015929483,0.12897918,0.10000886,0.029999161,0.15234402,-0.027663693,-0.005523353,0.011754514,-0.07840552,-0.11677075,-0.1440638,-0.056963537,0.08242962,0.059843753,-0.057794835,0.19126615,0.004702186,0.098292105,-0.07582558
0.1650685,-0.02046091,-0.055892482,-0.20331866,0.004623718,-0.0008005293,0.09895515,0.035603628,-0.0776532,-0.03998397,-0.10871696,0.05458483,-0.032329753,-0.04578306,0.116087,0.017058821,-0.01743383,0.12525804,-0.07984836,-0.021233656,0.04172826,-0.022712989,-0.09740074,-0.13633777,-0.14310041,0.02441144,-0.018132757,0.024074655,0.097003326,-0.053688873,0.13223945,-0.18884915
0.17601483,-0.076557405,-0.13082117,-0.20290911,-0.018787377,0.0660586,0.09522418,-0.059720766,-0.10745252,-0.002890315,-0.21068595,0.02816515,0.00018315282,0.07057541,0.053229667,-0.06463921,0.08683471,-0.027743341,-0.09307419,0.04193902,-0.022659907,-0.041431475,-0.093957044,-0.04010344,-0.18091998,0.10368925,-0.041529804,0.0262129,0.023467854,-0.01564779,0.0958045,-0.22783431
0.14356476,-0.004603807,-0.060586583,-0.15480027,0.024235927,-0.023021935,0.110699505,-0.0019304054,-0.057126287,-0.0491515,-0.11550751,0.06514508,0.04518295,0.050842702,-0.079385445,-0.11304088,0.049184624,-0.08046072,-0.027379721,0.08192593,0.0562083,0.0028456866,-0.0035118558,-0.00086519436,-0.14429983,0.099190116,-0.020965481,-0.040704355,-0.024604956,-0.06687995,0.16393691,-0.25910088
0.0871285,0.014735719,-0.028175538,-0.11989196,-0.016850883,-0.04433748,0.07224258,0.03561522,-0.0883542,-0.09746036,-0.039083462,0.025706658,0.06660057,-0.009502427,-0.08292473,-0.16622946,0.13441364,-0.1934215,-0.06978608,0.06252162,-0.031727567,0.007059932,-0.060330972,0.050268736,-0.052164942,0.17550196,-0.073907755,-0.0666561,0.0027163064,-0.017601404,0.13784342,-0.26564547
0.087670915,0.024878213,0.08318447,0.048396684,0.020162135,0.02558333,0.11160509,0.123870194,-0.07853109,-0.0949979,0.059534375,-0.032782022,0.028851364,-0.004067259,-0.07851951,-0.17814098,0.029144343,-0.15752682,-0.03489895,0.09452255,0.028100615,-0.035393823,-0.06819179,0.005964417,-0.02133966,0.18244228,-0.061022952,-0.029207056,-0.01746123,0.05897713,0.062628664,-0.14051452
0.02894627,0.14978257,0.0632104,0.03317344,-0.013346756,-0.02654175,0.0603172,0.14263195,-0.047867633,-0.12492846,-0.034890287,-0.022168031,-0.04025392,0.013356335,-0.13066395,-0.09324987,0.006761748,-0.24110647,-0.015002578,0.020184755,0.071399584,0.058692846,-0.040245228,-0.06680512,0.0065176734,0.1281166,-0.043056075,-0.105049156,0.014498421,0.08202169,0.05383913,-0.1306296
0.028197512,0.10183298,0.0118421195,0.013892187,-0.052273277,-0.028453266,0.046317738,0.11508282,-0.08564192,-0.09251559,-0.020671539,0.008849641,-0.09757917,0.004729371,-0.0039171614,0.01820651,-0.055649303,-0.17927115,-0.022698812,0.06607224,0.04053367,0.08218787,-0.05220475,-0.09762251,-0.011149138,0.08698208,-0.046580914,-0.019959275,0.0012236238,-0.01670644,-0.0072896117,-0.063610084
0.055542525,0.02849508,0.043048326,-0.032002337,-0.022390625,-0.006294982,-0.035206307,0.07211791,0.031121101,-0.10483592,-0.03600337,0.00646216,-0.05898971,0.018723354,-0.051646065,0.04369748,-0.1390596,-0.1958742,-0.04527901,-0.018091133,0.08999791,0.012675496,-0.0028520185,-0.10144587,-0.048362434,-0.025787247,-0.12321401,0.021350771,0.09264196,-0.0023609484,0.0131170945,-0.0707155
0.057060122,-0.0050668432,0.08376826,-0.01382084,-0.0023132844,-0.06490536,-0.041922268,-0.0006784489,-0.00945023,-0.20203336,-0.0540447,0.11250132,-0.023240661,-0.026565457,0.07575935,0.052943427,-0.15873626,-0.18715282,0.052963037,0.0317034,0.026540704,-0.052316718,-0.07723911,-0.115948774,-0.008454654,-0.010342734,-0.1201261,0.055472884,0.06996622,0.045554038,0.001894733,-0.10741664
0.06480037,-0.039742358,0.1257045,0.03431465,-0.026419127,-0.15523691,-0.06510489,-0.038996164,-0.049344104,-0.18000013,-0.0379849,0.007430936,-0.013845978,0.0771898,0.0801185,0.06271485,-0.25654924,-0.23700753,0.11834141,0.08600581,-0.037113816,-0.048859786,-0.12607883,-0.09102733,0.12200667,-0.051629353,-0.0037822737,0.046628755,0.09563646,-0.020570688,0.013410584,-0.12437288
0.081431925,-0.12794456,0.17194262,-0.036225315,0.05340659,-0.091058366,0.007154768,-0.037239354,-0.009385756,-0.14482574,0.050821044,0.04540749,-0.011021484,0.03924419,0.0017093022,0.19726586,-0.25020215,-0.1720961,0.072679795,0.07465113,-0.109683275,-0.096394815,-0.100394644,-0.113500476,0.173095,-0.06036665,-0.01373606,0.120584704,0.05044413,-0.036275983,0.08428676,-0.12722129
0.014768671,-0.11412548,0.2338221,-0.06812056,0.007565314,0.008976588,0.04628659,-0.017205631,-0.03344498,-0.14099391,0.00061689306,0.020961795,-0.032361913,0.044457708,-0.093880974,0.1972436,-0.11824432,-0.06274827,0.07016356,0.04588352,-0.11260877,-0.07872865,-0.1131104,-0.007403599,0.14578418,0.018083747,0.0036777412,0.088351496,0.07683106,0.041674692,0.0392648,-0.10785055
0.064314626,-0.10405731,0.12292844,-0.07679517,0.09616171,0.049428735,0.05768946,0.046376944,0.007392361,-0.12455386,-0.052397344,-0.047163837,0.020266306,0.06996561,-0.09084276,0.13507055,-0.03211404,0.059067678,0.04688971,0.09047525,-0.060274407,-0.08369814,-0.13259009,0.00357919,0.1505108,0.047811598,0.064876154,0.06803701,0.07818023,0.015052921,0.13568494,-0.11713754
0.076237604,-0.11046079,0.086266376,-0.026742673,0.11265771,0.022466261,0.042296723,0.09316045,0.03227971,-0.042412885,-0.067532234,-0.029407997,-0.018669507,0.1039302,-0.11835581,0.03642381,0.14050643,0.034152195,0.016989913,0.057648495,-0.0139337415,-0.058595873,-0.1307097,0.067520015,0.06518278,0.09851708,0.106470205,0.104042806,0.121469595,0.12287303,0.0943097,-0.035534218
0.03166528,-0.035242315,0.044103544,-0.025798606,0.15502238,0.032443613,0.04029921,0.061515264,0.07800111,-0.100096874,-0.08218704,0.08935573,-0.017116278,0.12952785,-0.14021766,-0.18669626,0.21391927,0.077009104,0.02809049,0.08860055,0.0067214747,-0.046268336,-0.1641742,0.054511476,0.07789258,0.05608473,0.03276758,-0.008564827,0.14110707,0.07421496,0.08413504,-0.038385212
0.027309926,0.030432003,0.09707118,-0.03135201,0.11231536,0.038555797,-0.0052897786,0.027471809,0.12410998,-0.0324539,-0.051406544,0.12482798,0.02281318,0.057981715,-0.060621757,-0.28873092,0.18030141,-0.022425083,0.081841365,0.022095168,0.026682682,0.0103364885,-0.073573716,0.14954364,0.01897885,0.0049736206,0.11054679,0.012518619,0.12389632,0.08288953,0.101474985,-0.092463225
0.11511265,-0.07907353,0.18055792,-0.0117644705,0.05439765,0.01853378,0.08153969,0.014696793,0.13836211,-0.051473204,-0.009096151,0.09147575,0.009750627,0.14213076,0.05439622,-0.3158656,0.1480149,-0.07683729,0.14476283,-0.054351717,-0.01531745,0.045184292,-0.013855385,0.17588675,-0.0127046555,-0.12552989,0.1350091,0.0024569142,0.15382573,0.11268135,0.1385736,0.014730103
0.10924554,-0.15486266,0.17806369,0.0692096,0.035063557,0.11098763,0.1335304,-0.012883605,0.0656126,-0.029199563,0.061156537,0.14426826,0.08101979,0.11242475,0.14493613,-0.22220644,0.124693,-0.17940894,0.13425875,-0.049390968,-0.012537227,0.19358894,0.01855884,0.16663502,-0.032249477,-0.08107015,0.14585042,0.015727745,0.03257117,0.1601481,0.09912293,-0.035443295
0.18545417,-0.19603607,0.20226042,0.089726776,-0.012684605,0.044140473,0.09810461,0.0045354296,0.047019865,-0.024385557,0.16878591,0.124823056,0.14533293,0.013084706,0.16995095,-0.052905574,0.10349204,-0.18918847,0.10046854,0.016063318,0.020099834,0.13377295,0.041511025,0.17903033,-0.029657194,-0.074282415,0.11248551,0.021288265,0.032868247,0.11992518,0.040072586,0.055758093
0.19064699,-0.14880478,0.18134709,0.033903893,-0.049220067,0.0052187406,0.12172616,-0.04991096,0.026349992,-0.051259886,0.14017846,0.11831323,0.054337166,0.105383754,0.10633894,0.00018898465,0.039530862,-0.13370642,-0.04045904,0.05645062,-0.08574263,0.15536073,0.057207294,0.064278744,0.0698884,-0.032990772,0.06615169,0.05684562,0.00946284,0.09873301,0.12156749,0.15088077
0.19379583,-0.06942265,0.20103133,0.04290313,0.015492318,0.039997563,0.14413968,-0.042959243,0.06633087,-0.069381766,0.267855,0.06517195,-0.051569205,0.088259056,0.09951559,0.12821357,0.0627121,-0.049172606,-0.0850199,-0.04149883,-0.10621241,0.06806879,-0.022179915,0.07124522,0.053572178,0.070795156,0.059556164,0.052674677,-0.040450484,0.062518656,0.045661714,0.25545612
0.10031681,-0.07653083,0.2561217,-0.00816101,0.032824744,0.031332333,0.09461503,-0.051973473,0.012425828,-0.08865329,0.22942917,0.0024122843,-0.021780366,0.07439058,0.08471294,0.21853805,0.13288963,0.13485233,-0.21623825,-0.053492237,-0.1322646,-0.008176299,-0.04214677,0.100337096,0.14494401,0.2405691,-0.010512727,0.05864789,0.025681041,-0.08049169,0.06658648,0.23297872
0.046767864,0.04123876,0.18840875,0.05016758,0.039301246,-0.008198883,0.07746488,-0.038688954,-0.0372485,-0.10755502,0.083667964,-0.08571338,0.01825216,0.054433953,0.051181868,0.1304321,0.11177598,0.2419921,-0.2553193,-0.12845613,-0.04733519,-0.018531967,-0.006787178,0.14417557,0.06305245,0.16297303,0.09341525,0.09796075,-0.016940651,-0.2148793,0.0061231907,0.22923313
0.11412751,0.015549327,0.21065469,0.0645384,0.06977848,0.0043790895,0.08803522,-0.02850168,0.028037092,-0.10211386,0.014269992,-0.12171501,0.07552421,0.06967486,-0.12692736,-0.014158683,0.06825585,0.2935483,-0.20259592,-0.17527102,8.236038e-05,0.0858712,-0.041499026,0.12369477,0.043446343,0.19635747,0.10687119,0.023798816,0.049821027,-0.29103056,0.0098208925,0.17384376
0.051510837,0.08595495,0.13495637,0.005790689,0.07925311,0.035090357,0.08590844,-0.035714235,0.07297637,-0.07983961,-0.08736558,-0.10687333,0.030248396,0.10039883,-0.09741708,-0.10787769,0.01654581,0.26405594,-0.15012622,-0.14787054,0.06155305,0.008320891,-0.05914653,0.04952235,0.045564514,0.15901324,0.073307455,0.013856507,0.09369737,-0.29281056,0.10887714,0.022546954
0.07443726,0.082341775,0.1988056,0.050265927,-0.01254679,-0.11233993,-0.0372008,-0.11511898,0.14228101,-0.13501811,-0.054134287,-0.11393348,-0.02022438,0.06330589,6.260231e-05,-0.13003522,-0.0022290866,0.1192143,-0.19472998,-0.042695727,-0.014147137,0.040475715,0.027108422,-0.03211586,-0.036871225,0.07461436,0.095487066,-0.05199502,0.09989655,-0.17008321,0.07712312,-0.0050692144
0.068201885,0.14455768,0.18006164,0.12916224,-0.02995129,-0.19761698,-0.12606633,-0.12631363,0.18550918,-0.110762745,0.006023694,-0.0793907,-0.068135194,0.097956516,0.1422376,-0.14666927,0.000843359,0.04866321,-0.17435543,0.0001541714,-0.10771417,-0.10893011,0.019869385,-0.051330827,-0.037847906,0.036728468,-0.030310392,-0.07211146,0.13258044,-0.04813855,0.081856795,-0.01769664
0.103041045,-0.01474864,0.14799891,0.00016262848,-0.021138148,-0.109853156,-0.09839512,-0.110502735,0.06857339,-0.12952425,0.07811331,-0.16297694,-0.061642792,0.0771824,0.13331014,-0.069149435,0.058681224,-0.10827889,-0.1803299,0.1275157,-0.14104113,-0.108580336,0.032708965,0.016009733,-0.034674916,0.07123469,-0.00091244525,-0.017196937,0.14049771,0.046944726,0.07473289,0.00023759241
0.032510906,-0.074595645,0.03279728,-0.06387131,0.012696769,-0.11342832,-0.13521042,-0.060700323,0.01201589,-0.042431146,0.068788365,-0.1648111,-0.059908662,0.03721095,0.17271192,-0.07088305,0.10381804,-0.08894365,-0.19238237,0.14918636,-0.058494646,-0.026506878,0.001338581,-0.06501593,0.034231424,0.032634612,-0.049562402,0.0142919235,0.13941476,0.13807143,0.08847847,-0.02213395
-0.022636583,-0.026872342,0.07156755,-0.1391137,0.030616136,0.018936053,-0.08872287,-0.03967885,0.029440716,0.026862487,0.03860938,-0.20350209,-0.034583367,-0.0050577465,0.10650907,-0.039769188,0.16920936,-0.038968746,-0.2612108,0.24030074,-0.061681073,-0.030872468,0.10395432,-0.004797334,-0.015734265,0.008748132,-0.08449353,0.09395736,0.112772495,0.15934086,-0.009429207,0.030777683
-0.055222232,-0.016601117,0.016865017,-0.043882847,-0.011068687,0.024497963,-0.1152249,-0.0771956,0.018715952,0.062131528,-0.009745567,-0.13449585,0.010080194,-0.05240827,0.07106699,-0.052691467,0.27479964,-0.015172156,-0.22957432,0.21640937,-0.016658116,0.062629975,0.044549786,-0.060632966,0.09720175,0.049336817,-0.10233125,0.06277812,0.103488915,0.2530711,-0.103213675,0.09492149
-0.09224264,0.011865143,0.06885048,0.00095980056,0.05931111,0.07484056,-0.13144061,0.037490517,0.043744385,0.0033216723,-0.0780703,-0.16581117,0.022005871,0.012449624,-0.0003153437,-0.035849422,0.19265442,0.1172458,-0.19681844,0.1668128,0.041696753,0.025262225,0.052455466,-0.001202806,0.062128894,0.08214143,-0.021860335,0.078195766,0.043560542,0.20364057,-0.0561936,0.1509022
-0.024151962,0.055530235,-0.028194208,0.09776529,-0.035167348,0.12025743,-0.056142036,0.039863624,0.08477619,0.043457348,-0.04427353,-0.23425665,0.07751459,0.102658816,-0.11103144,0.030297091,0.10749833,0.03803032,-0.1757245,0.034091916,-0.005769299,-0.020539213,-0.05760721,0.009209641,0.037523232,0.15375319,-0.033014957,0.07698703,0.028272051,0.12453447,-0.002960153,0.08737136
0.001140014,0.021747606,-0.07880137,0.16601537,-0.00029943214,0.06619106,0.06196356,0.0068739643,0.09557332,0.0314032,-0.08764453,-0.27037054,0.1583691,0.12670013,-0.22243188,-0.043456055,-0.017398074,0.053027906,-0.15459096,-0.02304604,-0.05812225,0.016896142,-0.05824415,0.082400106,-0.106699504,0.14515704,-0.0053505995,0.07651477,-0.110075176,0.051991194,0.07667532,0.06334494
0.0508275,0.0058122384,-0.12574734,0.21930473,0.03148591,0.007763281,0.12048565,0.0658261,0.0478819,-0.026966002,-0.084302895,-0.25110322,0.2344185,0.2249392,-0.2682971,0.059905943,-0.087517686,-0.07375717,-0.08009825,-0.14127965,-0.0020697531,-0.031332072,-0.14477439,0.08935491,-0.12632848,0.21847174,0.027491245,0.10154023,-0.15540646,-0.04437475,0.10084287,-0.015698725
-0.015396028,0.03909604,-0.02431962,0.25423914,0.07685491,-0.093638346,0.14905919,0.061007727,0.07714659,-0.03976956,-0.047347512,-0.14349179,0.25225124,0.15036541,-0.22235481,0.0380181,-0.15009958,-0.084274955,0.03592674,-0.12480462,-0.030386537,-0.07357062,-0.17238142,0.1502614,-0.0011018056,0.2031757,0.096811004,0.0024106659,-0.19504419,0.047433153,0.09896214,-0.05768153
0.05035241,0.042243995,0.07752998,0.25223082,0.026768817,-0.14511104,0.065535344,0.036326975,0.07703587,-0.14905803,0.07806212,0.017892363,0.20619662,0.13309899,-0.11573512,0.04952472,-0.15213595,-0.009685753,0.08917143,0.03378681,-0.09481106,-0.021045469,-0.08903585,0.16933754,0.01150216,0.19375838,-0.006206908,-0.027833018,-0.106372945,0.034627676,0.023720115,-0.08958656
0.049467187,-0.11140218,-0.0011718968,0.106628515,-0.036109477,-0.16068235,0.084037095,0.055640455,0.0434482,-0.11342367,0.07721587,0.0327724,0.23356019,0.07437917,0.059982385,-0.041089557,-0.15581623,-0.0012003437,0.13977917,-0.02605034,-0.102140084,-0.07883922,0.0118967695,0.055561587,0.13521227,0.15135528,0.0645127,-0.09242857,-0.11016672,0.08874894,-0.065972745,-0.032782774
0.009453528,-0.14716041,-0.009085566,-0.07064344,-0.11097235,-0.11856983,0.039977726,0.018537236,0.109545335,-0.081606604,0.052745115,-0.021312708,0.14658406,-0.053979836,0.0198902,-0.080731824,-0.12990977,-0.046419606,0.07915606,-0.008112292,-0.049155112,-0.07044923,0.06285903,-0.055406533,0.16101706,0.19364506,-0.034837984,-0.15208063,-0.03673439,0.1602897,0.0028723408,0.004172417
0.048719816,-0.2245951,-0.033912387,-0.16851933,-0.16943009,-0.12774749,-0.0122847045,0.08726289,0.06958207,-0.02120716,0.039407924,-0.09925266,0.06144256,0.0111269625,0.094682775,-0.095081486,-0.21097313,0.0094318595,0.11521067,-0.0097516915,-0.06938813,0.002512147,0.1102046,-0.07201548,0.13987304,0.1816281,-0.01324538,-0.15517212,-0.010439601,0.15948135,-0.012294401,-0.01568874
-0.028815297,-0.16648339,-0.08586266,-0.19214629,-0.083852746,-0.014133998,-0.060577065,0.115422405,0.046984643,0.036725536,0.015224629,-0.13883048,0.052699607,-0.054236047,0.033338036,-0.081209354,-0.12709968,-0.02006024,0.09403718,-0.036615413,0.015548994,0.031156199,0.15966539,-0.08578067,0.12879123,0.13340443,-0.027958395,-0.04786757,-0.023365729,0.2196669,0.06440289,0.08423039
-0.07287521,-0.05960064,-0.047698945,-0.15582582,0.013166295,-0.020053249,-0.048812784,0.13937284,0.008497531,-0.017266609,-0.049431164,-0.04094983,0.11773948,-0.023172896,-0.005645385,-0.09662249,-0.04401564,0.07446373,-0.0006421672,-0.13508786,0.073108226,0.070158616,0.18141675,-0.050517052,0.07274959,0.19609545,-0.0043997425,-0.056822833,-0.004880592,0.15870969,0.07519205,0.1069984
-0.006497121,0.0006829579,-0.08370584,-0.12510838,0.014308619,-0.030210203,-0.10074938,0.14570253,0.0075497567,-0.023470892,-0.07634651,0.03312244,0.10628411,-0.060759522,0.05264047,-0.08280649,0.06308476,0.08196366,0.093295954,-0.18107083,0.08183616,-0.009203929,0.07828729,0.0015752552,0.014208012,0.15600218,-0.026034253,0.024845539,0.04075889,0.012895315,0.10126985,0.105514586
-0.06206054,-0.007635826,-0.06090654,-0.11277892,0.014248924,-0.036311638,-0.15520822,0.048654534,0.021407474,-0.0714868,-0.023088755,0.060271837,0.09018441,-0.07414342,-0.004332444,-0.009634215,0.17923956,0.07709105,0.16168758,-0.11440729,0.0046353,-0.053020142,0.120020896,0.07136399,0.0018429114,0.1700583,-0.03212137,0.051685303,0.12688537,-0.022879409,0.117402755,0.07318406
0.01573517,-0.00272715,-0.031458247,-0.17715524,0.07058314,0.012529066,-0.08470281,0.07025823,-0.04281348,-0.08351982,-0.12578838,-0.03329097,0.08506787,-0.0006535884,-0.09238002,-0.02036897,0.1767126,0.0074450667,0.20850064,-0.048160154,0.08360223,-0.061629467,0.0019712993,0.0390595,-0.11356604,0.13073611,0.011730081,0.19787903,0.060092665,-0.14485456,0.122365505,0.04929987
0.081236415,0.0021917087,0.010712381,-0.11907886,0.042301595,-0.03937539,0.035981905,-0.015041684,0.049414605,-0.015558502,-0.07759402,-0.016591718,0.12191015,0.007895437,-0.100519046,0.056370303,0.16140574,0.007269902,0.20593095,-0.015524716,0.062143452,-0.07864376,-0.031507928,0.050763257,-0.21673693,0.11727628,0.038722675,0.23427923,0.10269435,-0.11047451,0.1008123,-0.064427815
0.029462524,0.008667016,0.03651753,-0.13241038,0.0038625507,0.07970755,0.021869717,0.082776636,-0.033089515,-0.04309223,-0.14821431,-0.059186716,0.01341543,-0.00675153,0.00077218754,0.03992045,0.10370582,0.02732222,0.20989014,-0.0962498,0.05602575,-0.07195287,0.0028752706,0.1376223,-0.1779127,0.057047747,0.053316213,0.21860047,0.05918052,-0.10454189,0.035650354,0.019354483
0.022287691,-0.10285749,0.0026617413,-0.0818297,-0.048448,0.052333005,-0.05416804,0.071834505,-0.10365323,-0.10022573,0.006000586,0.025433017,-0.036051434,0.008387233,0.054124963,0.020489559,0.090858996,0.012813785,0.13648105,-0.013000772,-0.020306287,-0.039060112,-0.059643924,0.06937552,-0.09091851,-0.010191297,0.08981602,0.045509167,0.06381214,-0.18714866,-0.008638385,0.008465236
0.05428286,-0.17852156,0.05089941,-0.1353001,0.015419212,0.050286844,-0.054495376,0.043413635,-0.06230404,-0.066584036,0.09006005,0.0074950047,-0.047492176,-0.06680402,0.11907465,0.06644837,0.11086996,0.032578554,-0.05316171,0.07170822,-0.06517226,-0.015897589,-0.05054255,0.072239615,0.030216467,0.027424937,0.043713383,-0.05883425,0.04190467,-0.20691504,-0.07562739,0.064333856
0.10765987,-0.17536372,-0.033739045,-0.19438915,-0.061824515,0.012107601,-0.015582038,-0.0150248585,-0.023052463,-0.10912045,0.15025383,0.07286612,-0.08032226,0.007640234,0.071268685,0.04811969,-0.025963703,0.06831331,-0.12187182,0.13053174,-0.07334966,-0.039293736,-0.06816549,-0.034944646,0.1043471,0.059577752,-0.058486067,-0.08137243,0.05741847,-0.21711557,-0.06914974,0.07018354
0.112052254,-0.12388991,-0.121912904,-0.24814992,-0.014450703,0.015633734,0.0064677326,0.0030742413,0.0053339484,-0.19470051,0.09634532,0.061612915,-0.16134526,0.043783814,0.07489019,-0.00029788766,-0.11095479,0.06979394,-0.1335065,0.14823225,-0.10220232,-0.012780621,0.0026277348,-0.23125131,0.07943351,0.041509323,-0.09605272,-0.032465227,0.11992628,-0.30763268,-0.11995216,0.04739403
0.08714527,-0.037433337,-0.18218374,-0.32057154,-0.061042372,-0.0053529455,0.047802705,-0.02286997,0.05961675,-0.08813273,0.032840114,0.07384728,-0.24845588,0.01010297,0.09812813,0.037163846,-0.1152239,0.052847058,-0.119832024,0.15071191,-0.10483472,0.052737284,0.00044673,-0.24064288,0.11866985,0.093830794,-0.10722983,0.04847949,0.0685181,-0.22766839,-0.11069579,0.05055977
0.0687284,0.037766796,-0.16119726,-0.23869953,0.006898224,-0.008223631,0.046027705,0.043850675,0.08232999,-0.09004169,0.023525055,0.06159794,-0.25273934,-0.034372296,0.008601869,0.0098063955,0.049245685,-0.032256946,-0.04564209,0.12536933,-0.16214228,0.06629087,0.019458063,-0.16353577,0.096688144,0.07015552,-0.1756594,0.104237296,0.08571429,-0.10080785,-0.058889657,0.048824515
0.0533929,0.1746569,-0.15571676,-0.119897105,0.05862668,-0.0021573945,0.08179841,0.03507502,0.0030985007,-0.11186395,-0.011782384,0.034322023,-0.13016954,-0.030936377,-0.0056465534,0.15655507,0.20515424,-0.05773425,-0.029639253,-0.008739231,-0.05581122,0.05133326,0.11398163,-0.056239784,0.08689362,0.12722474,-0.18470173,0.05181099,-0.04254522,0.061005667,-0.01440353,0.038663495
0.01342779,0.21281068,-0.10873164,0.027414182,0.066628225,0.022989443,0.09653585,0.083200455,-0.05607709,-0.11031828,0.09104902,-0.1052738,-0.17905286,-0.05135102,-0.16018051,0.150634,0.20782349,-0.07548319,0.043237314,-0.11653131,-0.065249436,0.030239528,0.050702494,0.06503261,0.09928735,0.10564439,-0.07435292,0.08745041,-0.02430577,0.053529773,0.07254487,0.12290222
-0.011448855,0.1641012,-0.116557844,0.11266446,0.102685735,0.006027508,0.103447735,-0.0006344173,-0.09051588,-0.17250566,0.117149465,-0.06904633,-0.10943451,0.0008502793,-0.17197531,0.09913834,0.15668811,-0.07477239,-0.10641613,-0.11335944,-0.072026975,-0.018608676,0.0001686991,0.09936348,0.07582841,0.14562458,-0.10129577,0.10630538,-0.16772687,0.03171921,0.09469179,0.12835835
0.06671973,0.07812286,-0.14473902,0.029755697,-0.009152217,-0.060333326,0.06314587,0.007052371,0.03260013,-0.09046196,0.06701344,-0.115348294,-0.14187118,-0.025577372,-0.20077349,-0.011604615,0.049009617,0.023745416,-0.15472151,-0.013104265,0.015226813,-0.055152915,-0.012369932,0.07065756,-0.007526233,0.12573399,-0.07140386,0.07597227,-0.17702876,0.022910183,0.10007678,0.12400049
0.030288963,0.0049917884,-0.13758165,-0.00047896922,0.052245673,-0.07828191,-0.023601994,-0.092068136,0.0285839,0.01486384,0.10716792,-0.04901995,-0.019357601,-0.03300229,-0.13325366,-0.006674861,-0.008589504,0.020250956,-0.22964644,0.056740727,0.010878053,-0.063822515,0.0039027568,0.051191684,0.018953228,0.14048518,0.046482414,-0.023163266,-0.14845538,0.043364916,-0.05301012,0.021160707
0.07458966,-0.022108255,-0.062497675,0.0388755,0.05277217,-0.12685739,-0.12930489,-0.10865688,0.024188554,-0.0023113063,0.13889164,0.09256394,-0.023380468,-0.114175804,-0.031444054,-0.07687253,0.0068984684,0.006402105,-0.22939372,0.042532183,0.11939805,-0.107882276,0.09941497,0.024490878,0.05196677,0.11367133,0.1378735,-0.05641033,0.03960524,0.0015693177,-0.05168909,-0.010686292
0.0746682,-0.10215954,0.049768966,0.016694285,0.08569955,-0.12130091,-0.057248175,-0.07485416,0.08167462,0.032442104,0.067312405,0.12099387,-0.007656017,-0.053319193,0.0040641725,-0.01832194,-0.014115714,-0.010235164,-0.18537347,-0.008832351,0.10589974,-0.07230058,0.10634421,-0.061814778,-0.00040214066,0.16220592,0.20414653,-0.014859854,0.09253516,-0.03932275,-0.09072342,-0.095413946
0.070180796,0.01900081,0.03883046,0.026692595,0.03723677,-0.1683602,-0.050101437,-0.07355988,0.12322724,0.013864659,-0.017193975,0.15495738,0.097664244,-0.06995672,-0.048309095,0.08229304,0.0020755532,-0.053601563,-0.03128572,0.021461204,0.11910329,-0.08826209,0.13418071,-0.12549599,0.055143993,0.1121798,0.20054683,-0.045069233,0.06660728,0.017152267,-0.0381805,-0.15120454
0.1377017,0.073975265,-0.016396616,0.074898876,-0.0041334745,-0.13475494,0.009076918,-0.033500813,0.11150443,-0.031773914,0.009173739,0.13882819,0.05568127,-0.030526571,-0.0069125267,0.027761456,-0.053545862,-0.04391967,0.0475307,-0.029427597,0.10142259,-0.15256199,0.1287365,-0.038605213,0.038220383,0.11368128,0.2454296,-0.029135125,0.09024517,0.09163324,-0.032338947,-0.14986967
0.03961853,0.06142888,-0.11518261,0.19982116,-0.040642153,-0.25357574,-0.03376032,-0.047000147,0.061567977,-0.06365424,-0.04106998,0.08090167,0.045421213,0.042524323,0.004212861,0.15936373,-0.101081915,-0.0046802335,0.09984558,0.097209424,0.028415835,-0.16315901,0.09822999,-0.010266504,0.069464006,0.012819316,0.22522669,-0.018618884,0.018790534,0.083335504,-0.09413941,-0.030752884
0.07825087,0.091755666,-0.06710098,0.17624003,-0.014184398,-0.27953744,-0.073475935,-0.028902946,0.04040116,-0.060802046,0.030868137,0.055125978,0.044597402,0.0073931417,0.06297854,0.1475153,-0.09351232,0.0112053165,0.15755221,0.113405965,-0.0064769825,-0.19330046,0.05018084,0.03503201,0.0652203,0.003127799,0.14654092,0.029916994,0.0066297404,0.14467607,-0.09744537,-0.01260243
0.045004394,0.08815275,-0.0681333,0.08604166,-0.03019603,-0.24221733,-0.011027815,0.003286586,0.055913016,-0.06881811,0.0031954616,-0.034347225,0.005495291,0.029144352,0.036618024,0.063740365,-0.053203158,-0.013048604,0.15926926,-0.018911632,-0.040369853,-0.15116991,0.0418681,0.031184316,0.05746189,-0.1132695,0.14137672,0.0380431,-0.064824596,0.18097964,-0.051813837,0.0026811147
0.13938911,-0.020743128,-0.090254955,-0.012231842,-0.13071914,-0.086789295,0.09127566,-0.058539934,0.09400303,-0.057720773,-0.14579223,-0.11299462,0.0036065704,0.111207455,-0.012622095,0.013670747,-0.09278295,-0.037710547,0.044684812,-0.034183804,-0.02637871,-0.07008576,0.04085528,0.037733033,-0.0065060416,-0.13725995,0.025442129,0.11582624,-0.0936927,0.202397,0.00031084972,0.026517918
0.015681982,-0.03606285,0.037478685,-0.03797679,-0.06826429,-0.12184894,0.0024056504,-0.015553444,0.043439925,-0.06650945,-0.10611118,-0.21333498,-0.036040805,0.06603107,-0.07476653,0.063532375,-0.015265806,0.017954515,0.027692974,-0.11251718,-0.017601306,-0.07131936,0.021252628,0.074348055,0.022947177,-0.16820711,-0.06025883,0.062099792,-0.05427592,0.22993198,-0.07481665,0.049429692
-0.052860986,-0.0078091016,0.06726772,0.01189284,0.0029619304,-0.1190313,0.0129081765,0.011512931,0.030598212,-0.020619007,-0.2004859,-0.2190213,0.0879544,0.043040693,-0.01217915,0.059964884,-0.0032670884,0.099847324,-0.04314253,-0.14621422,0.040822376,-0.03428928,0.044296917,0.06773282,-0.021021595,-0.06702079,-0.027337113,0.038016915,0.015615951,0.13601926,-0.14144579,0.12519644
-0.10470357,-0.033474196,0.043585885,-0.02878842,0.08583965,-0.064027734,-0.03770217,0.13366948,-0.10184166,-0.10372035,-0.18297671,-0.13972805,0.092265464,-0.045621205,-0.036098592,0.020279301,0.031250022,0.06278864,-0.027891198,-0.11735307,0.03464039,-0.01799032,-0.008920925,0.100093804,-0.056532074,-0.13376458,-0.04282675,-0.052445367,0.13567634,0.13723697,-0.16162908,0.12119392
-0.008636016,-0.039490823,-0.025222288,-0.022215093,-0.07085077,0.00999129,0.07240002,0.11871587,-0.02780745,0.008715231,-0.27847132,-0.24519616,0.10813117,0.058898836,0.009595646,-0.036850337,0.028803436,0.12182683,0.055656962,-0.101226315,0.08196642,0.076859474,0.046464395,0.05095172,-0.11185313,-0.19313397,-0.0087454505,0.019009817,0.11794877,0.019532314,-0.19658679,-0.00063718145
0.039518647,-0.05520706,-0.06475432,-0.12406081,-0.111675575,0.023377022,0.067614764,0.117251486,0.038157426,0.039020047,-0.2698619,-0.20122093,0.033663843,0.04060175,0.062036656,-0.044253223,0.10738854,0.014710407,0.025061235,-0.12749419,0.12577774,0.06549642,-0.021041075,-0.0061462643,-0.13776031,-0.19350809,0.015851775,-0.009307273,0.068742715,0.02604793,-0.063396476,0.014362149
0.030033393,-0.031416062,-0.06738781,-0.049996432,-0.17426218,0.008024879,0.08663715,0.0955873,-0.063197084,-0.010108642,-0.21623047,-0.11345666,0.09280512,0.037223775,0.1294588,-0.088645585,0.025894511,0.11095541,0.14701453,-0.07849304,0.15700814,0.027048789,-0.035103694,0.0048107617,-0.13486849,-0.21588962,0.080171846,0.0012061438,0.06402159,-0.042075053,-0.062342376,0.027097646
-0.057409678,0.034886602,-0.049514793,-0.10475651,-0.1301109,0.03184603,0.057727054,0.13112757,-0.048848692,0.019411432,-0.17738274,0.058380857,0.037194442,-0.048972808,0.108078204,-0.16402358,0.10680359,0.07209074,0.13337642,0.037369877,0.057798367,-0.0233726,-0.018103383,-0.017146884,0.010679856,-0.10928289,0.058621768,-0.07204704,0.05899595,-0.026718486,-0.1045436,0.06154359
0.025137747,0.009271307,-0.050807174,-0.07018443,-0.049640663,0.03452957,-0.015607779,0.045315977,-0.008759413,-0.027694836,-0.10647764,0.09494237,0.0038619142,-0.0023632585,0.06494595,-0.06964848,0.10341233,0.102412425,0.12074621,0.03451512,0.14201272,-0.06471385,0.08118986,-0.014496538,0.013215678,-0.034502544,0.07777058,-0.09881927,0.07955622,-0.0044460823,-0.08345237,0.12288045
0.03911394,0.02225798,-0.031585,-0.04056451,-0.058915187,-0.028991645,0.016123554,-0.023523968,0.01197351,-0.030996053,-0.15555787,0.000917165,-0.09206814,0.016890654,-0.028618556,-0.13499805,0.11938544,0.094021074,-0.022646688,0.115073234,0.09676768,-0.05597341,0.09562101,-0.026315661,0.066816784,-0.03817802,0.054485105,-0.152214,-0.014584621,-0.06870669,-0.08141146,0.18356477
0.10642951,-0.013028729,-0.03245505,-0.046625298,-0.05060517,-0.01124008,-0.00022984896,-0.12606326,0.11312977,0.07092294,-0.070518345,0.013316121,-0.061741427,-0.033704273,-0.0299987,-0.074201725,-0.0024561235,-0.03579837,-0.027231175,0.19432276,0.084775105,-0.034294147,0.122741416,-0.008567447,-0.012343818,-0.052998573,0.13626456,-0.12599756,-0.050010633,-0.03444822,-0.05230821,0.08069254
-0.027495641,0.0832232,-0.01665257,-0.06910071,-0.026142841,-0.013909021,-0.06578578,-0.09516719,0.057145875,-0.007152674,0.010757717,0.0670491,0.009466534,0.06342291,-0.115437336,-0.10551171,-0.05585315,-0.024752788,0.020521129,0.18288279,0.092556365,-0.07810024,0.088624254,0.02581174,0.038412333,-0.02691062,0.06456988,-0.136533,-0.066568434,-0.031723965,-0.101209484,0.1394662
0.006955861,0.09500215,-0.0037444597,-0.110302344,0.04017969,-0.035374496,-0.14343685,-0.034065045,0.068851694,-0.003226093,0.005550827,0.056799617,0.06772685,0.007508848,-0.12616642,-0.08314782,0.0038963151,-0.046888094,0.035691332,0.1375563,0.0605454,-0.06055958,0.025136912,0.012560444,0.11777328,0.018552622,0.090570465,-0.1682997,-0.046996567,-0.02493944,-0.09758158,0.08023401
0.030601945,0.010264772,-0.04659667,-0.16119348,0.060714502,0.071577005,-0.028291084,0.011273427,0.10367417,0.08938429,0.0011525451,0.034123294,0.005422976,0.10715546,-0.07216786,-0.1388978,-0.0010091297,-0.04225652,0.006036858,-0.038275596,-0.0012686304,-0.063165694,0.06525713,-0.02290161,0.042016804,-0.04933974,-0.01510447,-0.10531424,-0.11228006,-0.14016254,-0.0072205137,0.10091848
0.0013276343,-0.027154323,-0.04708332,-0.17406128,0.03738632,0.0943228,0.022781309,0.10493818,0.06962606,0.05746412,0.075772785,-0.008450072,-0.054376718,0.1192817,-0.07075727,-0.16613644,0.03987496,-0.05742715,-0.009342911,-0.11494852,0.005799118,-0.028512767,0.06538098,-0.084051125,0.07757551,-0.144535,-0.09100873,-0.043680187,-0.073462844,-0.14405851,-0.04621956,0.20708086
0.044414327,-0.05124394,-0.004013723,-0.17145273,0.1518202,0.14510271,0.05805719,0.044963066,0.11887104,0.11517963,-0.016119573,-0.008151672,-0.03703654,0.102549195,-0.002602396,-0.10012118,0.032816846,0.008137917,-0.059058093,-0.11440613,-0.04984386,0.024368485,0.1246072,-0.15014087,0.087244116,-0.18329996,-0.17734586,-0.044252418,-0.06150557,-0.11302712,-0.058962077,0.21702567
0.02027377,-0.11261371,0.04076602,-0.05630583,0.25277483,0.05234139,-0.0100996075,0.0636487,0.0474031,0.045126643,0.10120508,0.013307072,0.010888987,0.067560986,0.024646886,-0.04554743,-0.023662107,0.08071272,0.018808844,-0.09651797,-0.13784422,0.021608112,0.11050959,-0.15260819,0.15655543,-0.10271879,-0.23320735,0.028315933,0.05763329,-0.14129291,-0.0122066,0.18887599
0.035245165,-0.093044795,-0.023510437,-0.00019074796,0.2986494,0.032112513,0.044450182,-0.0068747653,0.025467806,-0.031901725,0.093907274,0.053913426,0.04149167,0.093530215,0.040401086,0.0017820729,0.013076799,0.04295922,-0.04508648,0.11150506,-0.14000537,0.020820342,0.11724825,-0.114636034,0.1416888,-0.077162795,-0.18727192,-0.03803032,0.11892024,-0.105377965,-0.03371215,0.10126952
0.058924194,-0.15802461,-0.06615493,0.09109693,0.239813,0.044014726,0.009086846,-0.18917784,0.05527529,0.03939937,0.080771446,0.10499603,0.11642462,0.09360371,-0.060646832,-0.040406536,-0.1054748,0.09890339,-0.042113163,0.16188732,-0.1433359,0.011519542,0.17865162,-0.13685918,0.10694766,-0.030967986,-0.14139828,-0.015880952,0.029114796,-0.12950177,-0.050188236,-0.011090415
0.08776993,-0.113464855,-0.061917514,0.07544348,0.11022881,0.065475665,0.056529447,-0.22340448,0.07045913,-0.009588849,-0.0030311984,0.110138595,0.12324989,0.05692159,-0.043997984,-0.12926996,-0.08414169,0.0024372318,0.01632852,0.23959224,-0.13794543,0.08310429,0.18728161,-0.18061256,0.07121221,-0.040577807,-0.14822574,-0.004886262,0.012150785,-0.14423744,0.029719252,0.009866671
0.19458064,0.0025531142,-0.121458195,0.12318082,0.0958273,0.11067127,0.12263627,-0.18278238,0.10264373,-0.012244279,-0.03204338,0.06284737,0.0909614,0.058540754,-0.03015473,-0.058913097,-0.13856313,0.0806492,-0.07597231,0.18668583,-0.1416038,0.093849175,0.15871905,-0.06177841,-0.02096907,0.039385013,-0.05173641,-0.087169945,-0.021290936,-0.05766042,0.06454891,-0.06884675
0.19721955,0.020307355,-0.10804655,0.05280563,0.03666885,0.046031125,0.1463794,-0.07619858,0.007122302,-0.0418449,-0.027476525,0.008892259,0.12811694,0.05832438,0.016752843,0.048506238,-0.108786575,0.035979126,-0.018666407,0.23210648,-0.14754109,-0.011532904,0.11363787,0.033074267,-0.092277765,-0.028672598,0.008490427,-0.098330505,0.031657968,-0.01489013,0.15522867,-0.07162553
0.24142434,-0.03883579,-0.04966164,0.116923824,0.039164923,-0.035782136,0.15078,0.05885759,-0.044238828,-0.06946697,0.14223027,0.07506072,0.096580535,0.116150916,0.059574,0.208006,-0.16368791,0.052004892,0.011454925,0.27279073,-0.1828975,-0.044895034,0.022629837,0.02708721,-0.06299812,0.012091521,0.079767466,-0.037419483,0.029998641,0.083532,0.16783252,-0.013795149
0.2430468,-0.12139394,0.0109711895,0.13941997,0.041204922,-0.08139476,0.07744807,0.1616444,-0.13627282,-0.032213,0.24774091,0.07171958,0.07212974,0.035629734,0.13676892,0.2516635,-0.20325151,0.16122225,-0.033680245,0.20550233,-0.20664704,-0.088223666,-0.06323666,0.15369053,-0.11216191,-0.046053726,0.008510093,-0.06671433,-0.0041099247,0.12911488,0.15693098,-0.008449757
0.18866178,-0.093897656,-0.02793787,0.0897835,-0.0974462,0.04866286,0.07811976,0.012632478,0.024454689,0.016509231,0.30612072,0.0024108377,-0.12517501,0.034533557,0.009217674,0.20154896,-0.18254997,0.062043123,-0.07223919,0.09531243,-0.17275038,-0.06359115,0.093774095,-0.017919732,-0.03806537,-0.13627431,0.082051456,-0.030273411,-0.09392842,-0.017783148,0.0789458,-0.024411784
0.09675536,-0.17987482,-0.02193929,-0.085749924,-0.06599962,0.10248964,-0.013473892,0.023550019,0.028549155,0.06782944,0.24788822,0.02183519,-0.1406023,0.045888416,-0.033091564,0.100996174,-0.05390557,0.047368303,-0.09151291,0.02867255,-0.14260365,0.053102076,0.070515685,-0.06910609,0.07850938,-0.1443866,0.123841986,0.088385694,-0.10698532,-0.028210104,0.046147887,0.09968497
0.120971255,-0.16971718,-0.010247394,-0.06580557,-0.06800568,0.08704731,0.048289847,-0.03445801,0.047866292,0.0009996489,0.21939546,-0.055584144,-0.091028,0.008829629,-0.05474263,0.08333214,-0.010166173,0.08975103,-0.0018101372,-0.11538029,-0.064465985,0.044091355,0.08474647,-0.06279881,0.0034589907,-0.14959162,0.14672102,-0.009610715,-0.13818395,0.0028112384,0.05465718,0.097326234
0.018621909,-0.12057923,-0.0023790896,0.06939969,0.032022864,0.034185346,-0.013600956,-0.058531627,0.05494508,0.019164894,0.17845526,-0.07520905,-0.048309136,0.0718771,0.029149583,0.101014614,-0.063365996,-0.03714978,0.034742996,-0.13738498,-0.102658935,0.037407745,0.028999573,-0.06890037,0.012196718,-0.05195371,0.058171652,0.048504684,-0.05172108,0.027549373,0.11180581,0.11149591
0.057233673,-0.011101301,0.046566404,0.0796955,0.055979222,0.045864977,0.001546387,0.025556661,-0.017051648,-0.028712938,0.1262661,-0.13338727,0.0056570373,0.054437976,0.007347493,0.08205533,-0.0428136,-0.08758434,0.06706633,-0.09206232,-0.074886136,0.09095571,-0.017208701,0.010774027,-0.04529203,0.011637824,0.08600169,-0.083743006,-0.028229589,0.059383124,0.06826432,0.0671671
0.040962577,0.04070382,-0.04620829,0.10058926,0.067947716,0.01741537,0.017155971,0.11813432,0.042204153,0.020054309,-0.032345444,-0.0980582,0.018850371,0.055093158,0.023079874,0.081441335,-0.037923586,-0.072389275,0.03966852,-0.068022676,-0.07657825,0.12636077,0.032929912,0.053398497,-0.06922758,0.054319605,0.079305306,-0.11649174,0.019344717,0.12716506,0.008537133,-0.121381044
-0.014185235,0.03211104,0.0071889884,0.11262551,0.058640506,0.05157133,-0.013376097,0.1355124,0.015282578,-0.017380025,-0.12959649,-0.012720635,0.03353458,0.03630293,-0.029084532,-0.018706098,0.07848338,-0.015490053,0.01583975,0.058261514,-0.03127511,0.18736196,0.09566031,0.10305428,-0.002146911,0.0989735,0.0006827408,-0.14715867,0.022974217,0.058326107,-0.02279207,-0.105284184
0.020589462,0.10315707,-0.04723815,0.15231228,-0.06891184,0.030793693,-0.08361358,0.14992787,0.075808436,-0.026824463,-0.14022319,0.008366745,0.064141504,0.070091195,-0.039263904,-0.11088566,0.046607867,0.012554182,-0.04703429,0.10797411,-0.039058402,0.15580107,0.023742221,0.11469839,-0.104835495,0.026092414,0.030081516,-0.16756773,0.039598122,0.09461935,0.039155964,-0.12386726
0.06370826,0.094196744,-0.05912449,0.088916056,-0.13205262,-0.04328035,-0.0019357739,0.16245323,0.060378056,-0.010151729,-0.1618166,0.057166018,0.051782336,0.01063528,0.052781437,-0.11711719,-0.050571367,0.00805024,-0.074322626,0.20048535,-0.09605301,0.14650641,0.06559002,0.06985232,-0.1880204,0.08298414,0.09679335,-0.13776585,0.017929815,0.10155879,-0.00026021645,-0.08955452
0.09151123,0.017506337,-0.044659227,0.063292556,-0.1991756,-0.03757229,-0.032497533,0.066594705,0.024513876,-0.044480868,-0.17662756,0.05243315,0.052985586,0.067171894,0.06037388,-0.10101724,-0.007579716,0.01564954,-0.083044164,0.19995755,-0.08793377,0.103921905,0.074339025,0.029744543,-0.29717603,0.01480706,0.07363368,-0.20506725,0.001229061,0.03221805,-0.009677757,-0.00039666897
-0.022723544,-0.103710964,0.07273206,0.04801333,-0.13611677,-0.0049399673,0.0026350697,-0.076221496,-0.008073403,-0.051588703,-0.17766191,0.0006512438,0.07873044,0.051685587,0.07385774,-0.0416042,0.01853844,0.008070753,-0.082199275,0.16772972,-0.050583232,0.16945475,0.08376057,0.038660683,-0.37299427,0.019401688,0.08038408,-0.13295414,-0.0016615334,0.07264773,-0.0041241692,0.01029352
-0.08663211,-0.07215271,0.06331802,0.0689344,-0.08369088,-0.012732113,-0.025198303,-0.18683673,-0.028907381,-0.037909336,-0.17074962,-0.086578034,0.035271827,0.0026917076,0.032710154,0.017913181,0.049969867,0.06475657,-0.05872624,0.06582143,0.007627202,0.13521045,0.14532134,0.06866172,-0.21736094,-0.0097920755,0.12524916,-0.14404818,0.11595119,-0.012362699,0.062347643,-0.09289137
-0.06944403,-0.02736498,0.10679006,-0.018225646,-0.020431872,-0.043971468,-0.050092414,-0.2132653,0.016659845,-0.082643054,-0.104317024,-0.11640916,0.0142646255,-0.05022353,0.0011844683,0.05375804,0.15691084,0.070687294,-0.037957538,0.010962295,0.10865524,0.097170316,0.104083985,0.16315094,-0.19713801,0.032600094,0.0657838,-0.042869613,0.019118767,0.047984533,0.06134875,-0.015057064
0.026079563,-0.0040608384,0.11642714,0.009712319,0.13988519,-0.08849442,0.006163436,-0.19212592,0.0035704612,-0.09549683,-0.09256022,-0.05953832,0.10812378,0.058485422,0.07180912,0.115009844,0.04495981,-0.006064991,0.060945123,-0.078297265,0.13026431,0.09155681,0.040848248,0.08676508,-0.08284998,0.085750125,0.14616969,0.039870616,0.054917272,-0.007853943,0.2100578,-0.06448936
-0.014396851,-0.03326704,0.020000527,0.088298135,0.20959738,-0.085267104,-0.07052747,-0.24353756,-0.025600078,-0.14423838,-0.039113253,-0.10357564,0.22785774,-0.0144558,0.07945696,0.12732542,-0.11764921,0.015735824,0.039623935,-0.092356436,0.16094652,0.035049357,0.002079764,-0.043129347,-0.042264313,0.07812537,0.12731858,0.0834149,0.060658015,0.047692925,0.17007025,0.06251001
-0.05798527,0.051384624,0.018857138,0.057692833,0.28552964,-0.006371955,-0.04572952,-0.23401318,-0.008923573,-0.11677204,-0.12687625,-0.036424387,0.21604508,0.081298105,0.13841917,0.105091244,-0.2039612,-0.122205414,-0.06464498,-0.002465459,0.15251604,-0.026121275,-0.033814833,-0.1492734,0.045166258,0.14160998,0.15924819,0.052175287,0.06820815,-0.014011339,0.27109584,0.11693777
